from_currency,country,flag,to_currency,mid_market_rate,mid_market_receive,best_provider,best_send_rate,best_receive_amount,best_fee,send_amount,last_updated
AUD,Australia,🇦🇺,NPR,N/A,N/A,Wise,107.425,106032.0,12.97,1000,2026-10-06T03:15:34.224383Z
USD,USA,🇺🇸,NPR,N/A,N/A,Wise,154.07,151251.0,18.3,1000,2026-10-06T03:15:34.224383Z
GBP,UK,🇬🇧,NPR,N/A,N/A,Wise,203.634,201142.0,12.24,1000,2026-10-06T03:15:34.224383Z
CAD,Canada,🇨🇦,NPR,N/A,N/A,Wise,108.009,106354.0,15.32,1000,2026-10-06T03:15:34.224383Z
NZD,New Zealand,🇳🇿,NPR,N/A,N/A,Wise,86.2869,85186.0,12.76,1000,2026-10-06T03:15:34.224383Z
EUR,Europe,🇪🇺,NPR,N/A,N/A,Wise,172.828,170450.0,13.76,1000,2026-10-06T03:15:34.224383Z
AED,UAE,🇦🇪,NPR,N/A,N/A,Wise,41.9512,41131.0,19.55,1000,2026-10-06T03:15:34.224383Z
SAR,Saudi Arabia,🇸🇦,NPR,N/A,N/A,N/A,N/A,N/A,N/A,1000,2026-10-06T03:15:34.224383Z
QAR,Qatar,🇶🇦,NPR,N/A,N/A,N/A,N/A,N/A,N/A,1000,2026-10-06T03:15:34.224383Z
KWD,Kuwait,🇰🇼,NPR,N/A,N/A,N/A,N/A,N/A,N/A,1000,2026-10-06T03:15:34.224383Z
BHD,Bahrain,🇧🇭,NPR,N/A,N/A,N/A,N/A,N/A,N/A,1000,2026-10-06T03:15:34.224383Z
OMR,Oman,🇴🇲,NPR,N/A,N/A,N/A,N/A,N/A,N/A,1000,2026-10-06T03:15:34.224383Z
JPY,Japan,🇯🇵,NPR,N/A,N/A,Wise,0.9748,680.0,302.0,1000,2026-10-06T03:15:34.224383Z
KRW,South Korea,🇰🇷,NPR,N/A,N/A,N/A,N/A,N/A,N/A,1000,2026-10-06T03:15:34.224383Z
MYR,Malaysia,🇲🇾,NPR,N/A,N/A,Wise,37.7068,36824.0,23.42,1000,2026-10-06T03:15:34.224383Z
SGD,Singapore,🇸🇬,NPR,N/A,N/A,Wise,120.41,118992.0,11.78,1000,2026-10-06T03:15:34.224383Z
HKD,Hong Kong,🇭🇰,NPR,N/A,N/A,N/A,N/A,N/A,N/A,1000,2026-10-06T03:15:34.224383Z
CHF,Switzerland,🇨🇭,NPR,N/A,N/A,Wise,185.281,182982.0,12.41,1000,2026-10-06T03:15:34.224383Z
SEK,Sweden,🇸🇪,NPR,N/A,N/A,Wise,15.3368,14910.0,27.82,1000,2026-10-06T03:15:34.224383Z
NOK,Norway,🇳🇴,NPR,N/A,N/A,Wise,16.0494,15652.0,24.76,1000,2026-10-06T03:15:34.224383Z
DKK,Denmark,🇩🇰,NPR,N/A,N/A,N/A,N/A,N/A,N/A,1000,2026-10-06T03:15:34.224383Z
INR,India,🇮🇳,NPR,N/A,N/A,N/A,N/A,N/A,N/A,1000,2026-10-06T03:15:34.224383Z
THB,Thailand,🇹🇭,NPR,N/A,N/A,N/A,N/A,N/A,N/A,1000,2026-10-06T03:15:34.224383Z
ISK,Iceland,🇮🇸,NPR,N/A,N/A,N/A,N/A,N/A,N/A,1000,2026-10-06T03:15:34.224383Z
ILS,Israel,🇮🇱,NPR,N/A,N/A,N/A,N/A,N/A,N/A,1000,2026-10-06T03:15:34.224383Z
